title,link,price
Under Armour Men's Ua Tech 2.0 1/2 Zip Long Sleeve Top (Pack of 1),https://www.amazon.co.uk/Under-Armour-Jogging-Breathable-Charcoal/dp/B0785WWVM9/ref=sr_1_1?content-id=amzn1.sym.d191d14d-5ea3-4792-ae6c-e1de8a1c8780&pd_rd_r=976b2149-6fd3-42cd-aa0c-83605bbf9fcc&pd_rd_w=HGK8n&pd_rd_wg=6g5lZ&pf_rd_p=d191d14d-5ea3-4792-ae6c-e1de8a1c8780&pf_rd_r=NS5TZZDMPGG13N6ZHRVH&qid=1676238629&s=apparel&sr=1-1&srs=14704068031,£23.90
Columbia Men's Klamath Range Ii Half Zip Half-Zip Fleece,https://www.amazon.co.uk/Columbia-Klamath-Range-Half-Fleece/dp/B0B5LQCYMD/ref=sr_1_2?content-id=amzn1.sym.d191d14d-5ea3-4792-ae6c-e1de8a1c8780&pd_rd_r=976b2149-6fd3-42cd-aa0c-83605bbf9fcc&pd_rd_w=HGK8n&pd_rd_wg=6g5lZ&pf_rd_p=d191d14d-5ea3-4792-ae6c-e1de8a1c8780&pf_rd_r=NS5TZZDMPGG13N6ZHRVH&qid=1676238629&s=apparel&sr=1-2&srs=14704068031,£49.50
D&H CLOTHING UK Premium Sweatshirts Plain Workwear Casual Crewneck Jumper Sweater Sports Leisure Fleece,https://www.amazon.co.uk/CLOTHING-UK-Sweatshirts-Workwear-Crewneck/dp/B07C5QD3K4/ref=sr_1_3?content-id=amzn1.sym.d191d14d-5ea3-4792-ae6c-e1de8a1c8780&pd_rd_r=976b2149-6fd3-42cd-aa0c-83605bbf9fcc&pd_rd_w=HGK8n&pd_rd_wg=6g5lZ&pf_rd_p=d191d14d-5ea3-4792-ae6c-e1de8a1c8780&pf_rd_r=NS5TZZDMPGG13N6ZHRVH&qid=1676238629&s=apparel&sr=1-3&srs=14704068031,£13.99
Under Armour Mens Rival Hoodie,https://www.amazon.co.uk/Under-Armour-Fleece-Hoodie-Heather/dp/B07YXNG24K/ref=sr_1_4?content-id=amzn1.sym.d191d14d-5ea3-4792-ae6c-e1de8a1c8780&pd_rd_r=976b2149-6fd3-42cd-aa0c-83605bbf9fcc&pd_rd_w=HGK8n&pd_rd_wg=6g5lZ&pf_rd_p=d191d14d-5ea3-4792-ae6c-e1de8a1c8780&pf_rd_r=NS5TZZDMPGG13N6ZHRVH&qid=1676238629&s=apparel&sr=1-4&srs=14704068031,£50.00
Fruit of the Loom Men's Set-in Classic Sweater,https://www.amazon.co.uk/Fruit-Loom-Classic-Sweater-Heather/dp/B004N3CK26/ref=sr_1_5?content-id=amzn1.sym.d191d14d-5ea3-4792-ae6c-e1de8a1c8780&pd_rd_r=976b2149-6fd3-42cd-aa0c-83605bbf9fcc&pd_rd_w=HGK8n&pd_rd_wg=6g5lZ&pf_rd_p=d191d14d-5ea3-4792-ae6c-e1de8a1c8780&pf_rd_r=NS5TZZDMPGG13N6ZHRVH&qid=1676238629&s=apparel&sr=1-5&srs=14704068031,£12.86
Uneek 300g Plain Classic Crewneck Sweatshirt,https://www.amazon.co.uk/Uneek-Classic-Crewneck-Sweatshirt-Royal/dp/B00BN7IMIG/ref=sr_1_6?content-id=amzn1.sym.d191d14d-5ea3-4792-ae6c-e1de8a1c8780&pd_rd_r=976b2149-6fd3-42cd-aa0c-83605bbf9fcc&pd_rd_w=HGK8n&pd_rd_wg=6g5lZ&pf_rd_p=d191d14d-5ea3-4792-ae6c-e1de8a1c8780&pf_rd_r=NS5TZZDMPGG13N6ZHRVH&qid=1676238629&s=apparel&sr=1-6&srs=14704068031,£12.05
NIKE Men's Team Club 20 Sweatshirt,https://www.amazon.co.uk/Park20-Sweatshirt-CW6894-Charcoal-Heather/dp/B08R429491/ref=sr_1_7?content-id=amzn1.sym.d191d14d-5ea3-4792-ae6c-e1de8a1c8780&pd_rd_r=976b2149-6fd3-42cd-aa0c-83605bbf9fcc&pd_rd_w=HGK8n&pd_rd_wg=6g5lZ&pf_rd_p=d191d14d-5ea3-4792-ae6c-e1de8a1c8780&pf_rd_r=NS5TZZDMPGG13N6ZHRVH&qid=1676238629&s=apparel&sr=1-7&srs=14704068031,£36.90
Amazon Essentials Men's V-Neck Sweater (Available in Big & Tall),https://www.amazon.co.uk/Amazon-Essentials-V-Neck-Sweater-Heather/dp/B09R4H3SZW/ref=sr_1_8?content-id=amzn1.sym.d191d14d-5ea3-4792-ae6c-e1de8a1c8780&pd_rd_r=976b2149-6fd3-42cd-aa0c-83605bbf9fcc&pd_rd_w=HGK8n&pd_rd_wg=6g5lZ&pf_rd_p=d191d14d-5ea3-4792-ae6c-e1de8a1c8780&pf_rd_r=NS5TZZDMPGG13N6ZHRVH&qid=1676238629&s=apparel&sr=1-8&srs=14704068031,£11.88
Regatta Men's Thompson Fleece Fleece,https://www.amazon.co.uk/Regatta-Thompson-Fleece-Sweater-Fiery/dp/B09MKNSY4L/ref=sr_1_9?content-id=amzn1.sym.d191d14d-5ea3-4792-ae6c-e1de8a1c8780&pd_rd_r=976b2149-6fd3-42cd-aa0c-83605bbf9fcc&pd_rd_w=HGK8n&pd_rd_wg=6g5lZ&pf_rd_p=d191d14d-5ea3-4792-ae6c-e1de8a1c8780&pf_rd_r=NS5TZZDMPGG13N6ZHRVH&qid=1676238629&s=apparel&sr=1-9&srs=14704068031,£14.79
Fruit of the Loom Men's Pullover Sweater,https://www.amazon.co.uk/Fruit-Loom-Classic-Sweatshirt-SS200/dp/B00YCLEKTA/ref=sr_1_10?content-id=amzn1.sym.d191d14d-5ea3-4792-ae6c-e1de8a1c8780&pd_rd_r=976b2149-6fd3-42cd-aa0c-83605bbf9fcc&pd_rd_w=HGK8n&pd_rd_wg=6g5lZ&pf_rd_p=d191d14d-5ea3-4792-ae6c-e1de8a1c8780&pf_rd_r=NS5TZZDMPGG13N6ZHRVH&qid=1676238629&s=apparel&sr=1-10&srs=14704068031,£11.94
Amazon Essentials Men's Fleece Crew Neck Sweatshirt (Available in Big & Tall),https://www.amazon.co.uk/Amazon-Essentials-Crewneck-Fleece-Sweatshirt/dp/B07C8YBLZL/ref=sr_1_11?content-id=amzn1.sym.d191d14d-5ea3-4792-ae6c-e1de8a1c8780&pd_rd_r=976b2149-6fd3-42cd-aa0c-83605bbf9fcc&pd_rd_w=HGK8n&pd_rd_wg=6g5lZ&pf_rd_p=d191d14d-5ea3-4792-ae6c-e1de8a1c8780&pf_rd_r=NS5TZZDMPGG13N6ZHRVH&qid=1676238629&s=apparel&sr=1-11&srs=14704068031,£12.29
Helly Hansen Men's Daybreaker Fleece Jacket Jacket,https://www.amazon.co.uk/Helly-Hansen-Daybreaker-Fleece-Jacket/dp/B00EFRXFUQ/ref=sr_1_12?content-id=amzn1.sym.d191d14d-5ea3-4792-ae6c-e1de8a1c8780&pd_rd_r=976b2149-6fd3-42cd-aa0c-83605bbf9fcc&pd_rd_w=HGK8n&pd_rd_wg=6g5lZ&pf_rd_p=d191d14d-5ea3-4792-ae6c-e1de8a1c8780&pf_rd_r=NS5TZZDMPGG13N6ZHRVH&qid=1676238629&s=apparel&sr=1-12&srs=14704068031,£37.50
"Berghaus Men's Prism Micro Polartec Half Zip Fleece, Added Warmth, Extra Comfortable",https://www.amazon.co.uk/Berghaus-Prism-Micro-Polartec-Fleece/dp/B07DL3QZDQ/ref=sr_1_13?content-id=amzn1.sym.d191d14d-5ea3-4792-ae6c-e1de8a1c8780&pd_rd_r=976b2149-6fd3-42cd-aa0c-83605bbf9fcc&pd_rd_w=HGK8n&pd_rd_wg=6g5lZ&pf_rd_p=d191d14d-5ea3-4792-ae6c-e1de8a1c8780&pf_rd_r=NS5TZZDMPGG13N6ZHRVH&qid=1676238629&s=apparel&sr=1-13&srs=14704068031,£43.00
Amazon Essentials Men's Full-Zip Hooded Fleece Sweatshirt (Available in Big & Tall),https://www.amazon.co.uk/Amazon-Essentials-Full-Zip-Hooded-Sweatshirt/dp/B075JV7RX2/ref=sr_1_14?content-id=amzn1.sym.d191d14d-5ea3-4792-ae6c-e1de8a1c8780&pd_rd_r=976b2149-6fd3-42cd-aa0c-83605bbf9fcc&pd_rd_w=HGK8n&pd_rd_wg=6g5lZ&pf_rd_p=d191d14d-5ea3-4792-ae6c-e1de8a1c8780&pf_rd_r=NS5TZZDMPGG13N6ZHRVH&qid=1676238629&s=apparel&sr=1-14&srs=14704068031,£20.00
"Berghaus Men's Prism Micro Interactive Polartec Fleece Jacket, Added Warmth, Extra Comfortable Fleece Jacket",https://www.amazon.co.uk/Berghaus-Prism-Polartec-Fleece-Jacket/dp/B07DL9XGZC/ref=sr_1_15?content-id=amzn1.sym.d191d14d-5ea3-4792-ae6c-e1de8a1c8780&pd_rd_r=976b2149-6fd3-42cd-aa0c-83605bbf9fcc&pd_rd_w=HGK8n&pd_rd_wg=6g5lZ&pf_rd_p=d191d14d-5ea3-4792-ae6c-e1de8a1c8780&pf_rd_r=NS5TZZDMPGG13N6ZHRVH&qid=1676238629&s=apparel&sr=1-15&srs=14704068031,£40.91
"Iron Mountain Mens Reclaimed Yarn Eco Friendly Anti Pil Flexible Comfortable Crew Neck Sweatshirt Soft Fleece Top Jacket, ...",https://www.amazon.co.uk/Iron-Mountain-Reclaimed-Comfortable-Sweatshirt/dp/B08XY4KFMF/ref=sr_1_16?content-id=amzn1.sym.d191d14d-5ea3-4792-ae6c-e1de8a1c8780&pd_rd_r=976b2149-6fd3-42cd-aa0c-83605bbf9fcc&pd_rd_w=HGK8n&pd_rd_wg=6g5lZ&pf_rd_p=d191d14d-5ea3-4792-ae6c-e1de8a1c8780&pf_rd_r=NS5TZZDMPGG13N6ZHRVH&qid=1676238629&s=apparel&sr=1-16&srs=14704068031,£12.99
NIKE AW77 FLC CUFF PT-air HTG – Men's trousers,https://www.amazon.co.uk/Nike-Mens-Aw77-Cuff-Pants/dp/B01A8D400O/ref=sr_1_17?content-id=amzn1.sym.d191d14d-5ea3-4792-ae6c-e1de8a1c8780&pd_rd_r=976b2149-6fd3-42cd-aa0c-83605bbf9fcc&pd_rd_w=HGK8n&pd_rd_wg=6g5lZ&pf_rd_p=d191d14d-5ea3-4792-ae6c-e1de8a1c8780&pf_rd_r=NS5TZZDMPGG13N6ZHRVH&qid=1676238629&s=apparel&sr=1-17&srs=14704068031,£29.89
"Under Armour Men's Rival Fleece Fz Hoodie Breathable Sweater Jacket for Men, Comfortable Loose-Fit Knitted Jacket (pack of 1)",https://www.amazon.co.uk/Under-Armour-running-comfortable-Academy/dp/B07YXNBCQF/ref=sr_1_18?content-id=amzn1.sym.d191d14d-5ea3-4792-ae6c-e1de8a1c8780&pd_rd_r=976b2149-6fd3-42cd-aa0c-83605bbf9fcc&pd_rd_w=HGK8n&pd_rd_wg=6g5lZ&pf_rd_p=d191d14d-5ea3-4792-ae6c-e1de8a1c8780&pf_rd_r=NS5TZZDMPGG13N6ZHRVH&qid=1676238629&s=apparel&sr=1-18&srs=14704068031,£32.00
NIKE Men's Park 20 Sweatshirt,https://www.amazon.co.uk/Nike-Mens-Sweatshirt-Black-White/dp/B08QZ955PY/ref=sr_1_19?content-id=amzn1.sym.d191d14d-5ea3-4792-ae6c-e1de8a1c8780&pd_rd_r=976b2149-6fd3-42cd-aa0c-83605bbf9fcc&pd_rd_w=HGK8n&pd_rd_wg=6g5lZ&pf_rd_p=d191d14d-5ea3-4792-ae6c-e1de8a1c8780&pf_rd_r=NS5TZZDMPGG13N6ZHRVH&qid=1676238629&s=apparel&sr=1-19&srs=14704068031,£34.90
Jack & Jones Men's Jjebasic Sweat Crew Neck Noos Sweatshirt,https://www.amazon.co.uk/JONES-JJEBASIC-Sweat-Sweatshirt-Sedona/dp/B08KXZQSTX/ref=sr_1_20?content-id=amzn1.sym.d191d14d-5ea3-4792-ae6c-e1de8a1c8780&pd_rd_r=976b2149-6fd3-42cd-aa0c-83605bbf9fcc&pd_rd_w=HGK8n&pd_rd_wg=6g5lZ&pf_rd_p=d191d14d-5ea3-4792-ae6c-e1de8a1c8780&pf_rd_r=NS5TZZDMPGG13N6ZHRVH&qid=1676238629&s=apparel&sr=1-20&srs=14704068031,£21.99
Amazon Essentials Men's Crew Neck Sweater (Available in Big & Tall),https://www.amazon.co.uk/Amazon-Essentials-Crewneck-Sweater-Heather/dp/B09R4JDVL9/ref=sr_1_21?content-id=amzn1.sym.d191d14d-5ea3-4792-ae6c-e1de8a1c8780&pd_rd_r=976b2149-6fd3-42cd-aa0c-83605bbf9fcc&pd_rd_w=HGK8n&pd_rd_wg=6g5lZ&pf_rd_p=d191d14d-5ea3-4792-ae6c-e1de8a1c8780&pf_rd_r=NS5TZZDMPGG13N6ZHRVH&qid=1676238629&s=apparel&sr=1-21&srs=14704068031,£18.40
"Helly Hansen Daybreaker 1/2 Zip Fleece Scarf – Scarf, Fleece, Men, lemon tree",https://www.amazon.co.uk/Helly-Hansen-Breaker-Fleece-Jacket/dp/B005KQ3ISA/ref=sr_1_22?content-id=amzn1.sym.d191d14d-5ea3-4792-ae6c-e1de8a1c8780&pd_rd_r=976b2149-6fd3-42cd-aa0c-83605bbf9fcc&pd_rd_w=HGK8n&pd_rd_wg=6g5lZ&pf_rd_p=d191d14d-5ea3-4792-ae6c-e1de8a1c8780&pf_rd_r=NS5TZZDMPGG13N6ZHRVH&qid=1676238629&s=apparel&sr=1-22&srs=14704068031,£37.48
Amazon Essentials Men's Long-Sleeved Quarter-Zip Fleece Sweatshirt,https://www.amazon.co.uk/Amazon-Essentials-Long-Sleeve-Quarter-Zip-Sweatshirt/dp/B08X2GFKQ1/ref=sr_1_23?content-id=amzn1.sym.d191d14d-5ea3-4792-ae6c-e1de8a1c8780&pd_rd_r=976b2149-6fd3-42cd-aa0c-83605bbf9fcc&pd_rd_w=HGK8n&pd_rd_wg=6g5lZ&pf_rd_p=d191d14d-5ea3-4792-ae6c-e1de8a1c8780&pf_rd_r=NS5TZZDMPGG13N6ZHRVH&qid=1676238629&s=apparel&sr=1-23&srs=14704068031,£19.10
Amazon Essentials Men's Full-Zip Fleece Mock Neck Sweatshirt,https://www.amazon.co.uk/Amazon-Essentials-Full-zip-Fleece-Sweatshirt/dp/B07P7S1ZRR/ref=sr_1_24?content-id=amzn1.sym.d191d14d-5ea3-4792-ae6c-e1de8a1c8780&pd_rd_r=976b2149-6fd3-42cd-aa0c-83605bbf9fcc&pd_rd_w=HGK8n&pd_rd_wg=6g5lZ&pf_rd_p=d191d14d-5ea3-4792-ae6c-e1de8a1c8780&pf_rd_r=NS5TZZDMPGG13N6ZHRVH&qid=1676238629&s=apparel&sr=1-24&srs=14704068031,£16.20
adidas H57478 ENT22 SW TOP Sweatshirt Men's,https://www.amazon.co.uk/adidas-Mens-ENT22-Sweatshirt-Black/dp/B09P1P1YQ6/ref=sr_1_25?content-id=amzn1.sym.d191d14d-5ea3-4792-ae6c-e1de8a1c8780&pd_rd_r=976b2149-6fd3-42cd-aa0c-83605bbf9fcc&pd_rd_w=HGK8n&pd_rd_wg=6g5lZ&pf_rd_p=d191d14d-5ea3-4792-ae6c-e1de8a1c8780&pf_rd_r=NS5TZZDMPGG13N6ZHRVH&qid=1676238629&s=apparel&sr=1-25&srs=14704068031,£25.00
adidas Men's Core 18 Polyester Tracksuit Jacket,https://www.amazon.co.uk/Adidas-CE9053-Core-Polyester-Jacket/dp/B076HQW1MF/ref=sr_1_26?content-id=amzn1.sym.d191d14d-5ea3-4792-ae6c-e1de8a1c8780&pd_rd_r=976b2149-6fd3-42cd-aa0c-83605bbf9fcc&pd_rd_w=HGK8n&pd_rd_wg=6g5lZ&pf_rd_p=d191d14d-5ea3-4792-ae6c-e1de8a1c8780&pf_rd_r=NS5TZZDMPGG13N6ZHRVH&qid=1676238629&s=apparel&sr=1-26&srs=14704068031,£22.44
Trespass Men's Oskar Jacket,https://www.amazon.co.uk/Trespass-Oskar-Jacket-Carbon-Large/dp/B07H9C2PMP/ref=sr_1_27?content-id=amzn1.sym.d191d14d-5ea3-4792-ae6c-e1de8a1c8780&pd_rd_r=976b2149-6fd3-42cd-aa0c-83605bbf9fcc&pd_rd_w=HGK8n&pd_rd_wg=6g5lZ&pf_rd_p=d191d14d-5ea3-4792-ae6c-e1de8a1c8780&pf_rd_r=NS5TZZDMPGG13N6ZHRVH&qid=1676238629&s=apparel&sr=1-27&srs=14704068031,£34.30
adidas Men's Ent22 Hoodie Hooded Sweatshirt,https://www.amazon.co.uk/adidas-Hoodie-Hooded-Sweatshirt-Tenabl/dp/B09H6WNK1Y/ref=sr_1_28?content-id=amzn1.sym.d191d14d-5ea3-4792-ae6c-e1de8a1c8780&pd_rd_r=976b2149-6fd3-42cd-aa0c-83605bbf9fcc&pd_rd_w=HGK8n&pd_rd_wg=6g5lZ&pf_rd_p=d191d14d-5ea3-4792-ae6c-e1de8a1c8780&pf_rd_r=NS5TZZDMPGG13N6ZHRVH&qid=1676238629&s=apparel&sr=1-28&srs=14704068031,£26.00
adidas Men's Ent22 Hoodie Hooded Sweatshirt,https://www.amazon.co.uk/adidas-Hoodie-Hooded-Sweatshirt-Tegrfo/dp/B09H6VVDVF/ref=sr_1_29?content-id=amzn1.sym.d191d14d-5ea3-4792-ae6c-e1de8a1c8780&pd_rd_r=976b2149-6fd3-42cd-aa0c-83605bbf9fcc&pd_rd_w=HGK8n&pd_rd_wg=6g5lZ&pf_rd_p=d191d14d-5ea3-4792-ae6c-e1de8a1c8780&pf_rd_r=NS5TZZDMPGG13N6ZHRVH&qid=1676238629&s=apparel&sr=1-29&srs=14704068031,£31.99
adidas,https://www.amazon.co.uk/adidas-Sweatshirt-GP6475-royal-White/dp/B08VRQQY5L/ref=sr_1_30?content-id=amzn1.sym.d191d14d-5ea3-4792-ae6c-e1de8a1c8780&pd_rd_r=976b2149-6fd3-42cd-aa0c-83605bbf9fcc&pd_rd_w=HGK8n&pd_rd_wg=6g5lZ&pf_rd_p=d191d14d-5ea3-4792-ae6c-e1de8a1c8780&pf_rd_r=NS5TZZDMPGG13N6ZHRVH&qid=1676238629&s=apparel&sr=1-30&srs=14704068031,£30.00
GANT Men's Original C-Neck Sweat Pullover Sweater,https://www.amazon.co.uk/GANT-Original-C-Neck-Sweatshirt-Melange/dp/B08DJ6LD3Q/ref=sr_1_31?content-id=amzn1.sym.d191d14d-5ea3-4792-ae6c-e1de8a1c8780&pd_rd_r=976b2149-6fd3-42cd-aa0c-83605bbf9fcc&pd_rd_w=HGK8n&pd_rd_wg=6g5lZ&pf_rd_p=d191d14d-5ea3-4792-ae6c-e1de8a1c8780&pf_rd_r=NS5TZZDMPGG13N6ZHRVH&qid=1676238629&s=apparel&sr=1-31&srs=14704068031,£50.81
Fruit of the Loom Men's Raglan Sweatshirt,https://www.amazon.co.uk/Fruit-Loom-Mens-Sweatshirt-Black/dp/B00JDYMYIK/ref=sr_1_32?content-id=amzn1.sym.d191d14d-5ea3-4792-ae6c-e1de8a1c8780&pd_rd_r=976b2149-6fd3-42cd-aa0c-83605bbf9fcc&pd_rd_w=HGK8n&pd_rd_wg=6g5lZ&pf_rd_p=d191d14d-5ea3-4792-ae6c-e1de8a1c8780&pf_rd_r=NS5TZZDMPGG13N6ZHRVH&qid=1676238629&s=apparel&sr=1-32&srs=14704068031,£11.99
Fruit of the Loom Men's Set-In Premium Sweater,https://www.amazon.co.uk/Fruit-Loom-Premium-Sweater-XX-Large/dp/B01E0FRAK8/ref=sr_1_33?content-id=amzn1.sym.d191d14d-5ea3-4792-ae6c-e1de8a1c8780&pd_rd_r=976b2149-6fd3-42cd-aa0c-83605bbf9fcc&pd_rd_w=HGK8n&pd_rd_wg=6g5lZ&pf_rd_p=d191d14d-5ea3-4792-ae6c-e1de8a1c8780&pf_rd_r=NS5TZZDMPGG13N6ZHRVH&qid=1676238629&s=apparel&sr=1-33&srs=14704068031,£23.99
Regatta Mens Bradwell III Softshell Gilet,https://www.amazon.co.uk/Regatta-Bradwell-Resistant-Softshell-Bodywarmers/dp/B083BYNZ78/ref=sr_1_34?content-id=amzn1.sym.d191d14d-5ea3-4792-ae6c-e1de8a1c8780&pd_rd_r=976b2149-6fd3-42cd-aa0c-83605bbf9fcc&pd_rd_w=HGK8n&pd_rd_wg=6g5lZ&pf_rd_p=d191d14d-5ea3-4792-ae6c-e1de8a1c8780&pf_rd_r=NS5TZZDMPGG13N6ZHRVH&qid=1676238629&s=apparel&sr=1-34&srs=14704068031,£20.25
Carhartt Men's Loose Fit Midweight Full-Zip Sweatshirt,https://www.amazon.co.uk/Carhartt-K122-BLK-S007-Midweight-Hooded-Sweatshirt/dp/B002GHC2BA/ref=sr_1_35?content-id=amzn1.sym.d191d14d-5ea3-4792-ae6c-e1de8a1c8780&pd_rd_r=976b2149-6fd3-42cd-aa0c-83605bbf9fcc&pd_rd_w=HGK8n&pd_rd_wg=6g5lZ&pf_rd_p=d191d14d-5ea3-4792-ae6c-e1de8a1c8780&pf_rd_r=NS5TZZDMPGG13N6ZHRVH&qid=1676238629&s=apparel&sr=1-35&srs=14704068031,
JACK PYKE Fieldman Fleece Hoodie,https://www.amazon.co.uk/JACK-PYKE-Fieldman-Digicam-XX-Large/dp/B09MM8758B/ref=sr_1_36?content-id=amzn1.sym.d191d14d-5ea3-4792-ae6c-e1de8a1c8780&pd_rd_r=976b2149-6fd3-42cd-aa0c-83605bbf9fcc&pd_rd_w=HGK8n&pd_rd_wg=6g5lZ&pf_rd_p=d191d14d-5ea3-4792-ae6c-e1de8a1c8780&pf_rd_r=NS5TZZDMPGG13N6ZHRVH&qid=1676238629&s=apparel&sr=1-36&srs=14704068031,£50.36
Columbia Men's Steens Mountain Half Snap Pullover,https://www.amazon.co.uk/Columbia-Mens-Half-Snap-Pullover/dp/B096T1D9RQ/ref=sr_1_37?content-id=amzn1.sym.d191d14d-5ea3-4792-ae6c-e1de8a1c8780&pd_rd_r=976b2149-6fd3-42cd-aa0c-83605bbf9fcc&pd_rd_w=HGK8n&pd_rd_wg=6g5lZ&pf_rd_p=d191d14d-5ea3-4792-ae6c-e1de8a1c8780&pf_rd_r=NS5TZZDMPGG13N6ZHRVH&qid=1676238629&s=apparel&sr=1-37&srs=14704068031,£29.44
JACK & JONES Men's Jcopinn Sweat Hood Noos Hoodie,https://www.amazon.co.uk/JONES-sweatshirt-detail-China-blazer/dp/B09TFLWWKC/ref=sr_1_38?content-id=amzn1.sym.d191d14d-5ea3-4792-ae6c-e1de8a1c8780&pd_rd_r=976b2149-6fd3-42cd-aa0c-83605bbf9fcc&pd_rd_w=HGK8n&pd_rd_wg=6g5lZ&pf_rd_p=d191d14d-5ea3-4792-ae6c-e1de8a1c8780&pf_rd_r=NS5TZZDMPGG13N6ZHRVH&qid=1676238629&s=apparel&sr=1-38&srs=14704068031,
Fruit of the Loom Men Raglan Lightweight Sweater,https://www.amazon.co.uk/Fruit-Loom-Raglan-Lightweight-Sweater/dp/B00U2SVG8A/ref=sr_1_39?content-id=amzn1.sym.d191d14d-5ea3-4792-ae6c-e1de8a1c8780&pd_rd_r=976b2149-6fd3-42cd-aa0c-83605bbf9fcc&pd_rd_w=HGK8n&pd_rd_wg=6g5lZ&pf_rd_p=d191d14d-5ea3-4792-ae6c-e1de8a1c8780&pf_rd_r=NS5TZZDMPGG13N6ZHRVH&qid=1676238629&s=apparel&sr=1-39&srs=14704068031,£16.99
Fruit of the Loom Men's Premium Sweater,https://www.amazon.co.uk/Fruit-Loom-Premium-Sweater-Bottle/dp/B00K2HMBEE/ref=sr_1_40?content-id=amzn1.sym.d191d14d-5ea3-4792-ae6c-e1de8a1c8780&pd_rd_r=976b2149-6fd3-42cd-aa0c-83605bbf9fcc&pd_rd_w=HGK8n&pd_rd_wg=6g5lZ&pf_rd_p=d191d14d-5ea3-4792-ae6c-e1de8a1c8780&pf_rd_r=NS5TZZDMPGG13N6ZHRVH&qid=1676238629&s=apparel&sr=1-40&srs=14704068031,£21.49
JACK PYKE Countryman Fleece Pullover,https://www.amazon.co.uk/JACK-PYKE-Countryman-Fleece-Pullover/dp/B07SQD89Q6/ref=sr_1_41?content-id=amzn1.sym.d191d14d-5ea3-4792-ae6c-e1de8a1c8780&pd_rd_r=976b2149-6fd3-42cd-aa0c-83605bbf9fcc&pd_rd_w=HGK8n&pd_rd_wg=6g5lZ&pf_rd_p=d191d14d-5ea3-4792-ae6c-e1de8a1c8780&pf_rd_r=NS5TZZDMPGG13N6ZHRVH&qid=1676238629&s=apparel&sr=1-41&srs=14704068031,£50.04
adidas Men's Ent22 Hoody Sweatshirt,https://www.amazon.co.uk/adidas-ENT22-Hoody-Sweatshirt-Black/dp/B09H6WNYB4/ref=sr_1_42?content-id=amzn1.sym.d191d14d-5ea3-4792-ae6c-e1de8a1c8780&pd_rd_r=976b2149-6fd3-42cd-aa0c-83605bbf9fcc&pd_rd_w=HGK8n&pd_rd_wg=6g5lZ&pf_rd_p=d191d14d-5ea3-4792-ae6c-e1de8a1c8780&pf_rd_r=NS5TZZDMPGG13N6ZHRVH&qid=1676238629&s=apparel&sr=1-42&srs=14704068031,£35.00
adidas Men's Sq21 Hood Sweatshirt,https://www.amazon.co.uk/adidas-Sq21-Hood-Sweatshirt-GT6636/dp/B08VRBZG5B/ref=sr_1_43?content-id=amzn1.sym.d191d14d-5ea3-4792-ae6c-e1de8a1c8780&pd_rd_r=976b2149-6fd3-42cd-aa0c-83605bbf9fcc&pd_rd_w=HGK8n&pd_rd_wg=6g5lZ&pf_rd_p=d191d14d-5ea3-4792-ae6c-e1de8a1c8780&pf_rd_r=NS5TZZDMPGG13N6ZHRVH&qid=1676238629&s=apparel&sr=1-43&srs=14704068031,£36.48
Goodthreads Men's Soft Cotton Quarter-Zip Jumper,https://www.amazon.co.uk/Goodthreads-GT444558FL18-Sweatshirt-Solid-Burgundy/dp/B07FH4GWDP/ref=sr_1_44?content-id=amzn1.sym.d191d14d-5ea3-4792-ae6c-e1de8a1c8780&pd_rd_r=976b2149-6fd3-42cd-aa0c-83605bbf9fcc&pd_rd_w=HGK8n&pd_rd_wg=6g5lZ&pf_rd_p=d191d14d-5ea3-4792-ae6c-e1de8a1c8780&pf_rd_r=NS5TZZDMPGG13N6ZHRVH&qid=1676238629&s=apparel&sr=1-44&srs=14704068031,£33.20
Regatta Men's Thor Iii Fleece Jumper,https://www.amazon.co.uk/Regatta-Fleece-Jumper-Black-X-Large/dp/B00AXITROY/ref=sr_1_45?content-id=amzn1.sym.d191d14d-5ea3-4792-ae6c-e1de8a1c8780&pd_rd_r=976b2149-6fd3-42cd-aa0c-83605bbf9fcc&pd_rd_w=HGK8n&pd_rd_wg=6g5lZ&pf_rd_p=d191d14d-5ea3-4792-ae6c-e1de8a1c8780&pf_rd_r=NS5TZZDMPGG13N6ZHRVH&qid=1676238629&s=apparel&sr=1-45&srs=14704068031,
NIKE Men's Men's Nike Sportswear Hoodie Sweatshirt,https://www.amazon.co.uk/Nike-Sportswear-Hoodie-Sweatshirt-Obsidian/dp/B019DLSN32/ref=sr_1_46?content-id=amzn1.sym.d191d14d-5ea3-4792-ae6c-e1de8a1c8780&pd_rd_r=976b2149-6fd3-42cd-aa0c-83605bbf9fcc&pd_rd_w=HGK8n&pd_rd_wg=6g5lZ&pf_rd_p=d191d14d-5ea3-4792-ae6c-e1de8a1c8780&pf_rd_r=NS5TZZDMPGG13N6ZHRVH&qid=1676238629&s=apparel&sr=1-46&srs=14704068031,£46.95
NIKE Men's Sportswear Club T-Shirt (Pack of 1),https://www.amazon.co.uk/Nike-Sportswear-T-Shirt-Black-White/dp/B07FKFFTQS/ref=sr_1_47?content-id=amzn1.sym.d191d14d-5ea3-4792-ae6c-e1de8a1c8780&pd_rd_r=976b2149-6fd3-42cd-aa0c-83605bbf9fcc&pd_rd_w=HGK8n&pd_rd_wg=6g5lZ&pf_rd_p=d191d14d-5ea3-4792-ae6c-e1de8a1c8780&pf_rd_r=NS5TZZDMPGG13N6ZHRVH&qid=1676238629&s=apparel&sr=1-47&srs=14704068031,£17.99
Under Armour Men's Rival Fleece Crew T-Shirt,https://www.amazon.co.uk/Under-Armour-Fleece-Sports-comfortable/dp/B07YXNBCFH/ref=sr_1_48?content-id=amzn1.sym.d191d14d-5ea3-4792-ae6c-e1de8a1c8780&pd_rd_r=976b2149-6fd3-42cd-aa0c-83605bbf9fcc&pd_rd_w=HGK8n&pd_rd_wg=6g5lZ&pf_rd_p=d191d14d-5ea3-4792-ae6c-e1de8a1c8780&pf_rd_r=NS5TZZDMPGG13N6ZHRVH&qid=1676238629&s=apparel&sr=1-48&srs=14704068031,£45.00
